{"next":"https://api.videoask.com/forms/71ddf739-b426-4464-8e9b-9b2bf29b18b7/contacts?limit=1&offset=1","previous":null,"results":[{"contact_id":"b68f0f9d-b403-4aac-8241-058d84da02d3","organization_id":"6f58d21d-d307-49f9-9bdd-86cdde31feed","respondent_id":"fba520da-38d2-4fb6-93ca-33e5ebe95f7f","name":"Vinzenz","product_name":null,"email":"vinzenz.leutenegger@dezentrum.ch","phone_number":null,"thumbnail":null,"status":"completed","created_at":"2021-09-23T09:19:12.357632Z","updated_at":"2021-09-23T09:19:34.669273Z","platform":"desktop","tags":[],"variables":null,"are_answers_public":false,"are_messages_public":false,"share_id":"cg85cb7xmyz3e4ueepipurgegv6lpv4hlp8a2hoo","share_url":"https://www.videoask.com/cg85cb7xmyz3e4ueepipurgegv6lpv4hlp8a2hoo","consent_given":null,"scoring":null}],"count":3}