{"next":"https://api.videoask.com/forms/218bd850-5a10-41b7-9ae4-d4711ecd0b8d/contacts?limit=1&offset=1","previous":null,"results":[{"contact_id":"02afef4c-7859-4d3a-8996-4665efc5429f","organization_id":"6f58d21d-d307-49f9-9bdd-86cdde31feed","respondent_id":"7d050f06-5045-41b5-b178-0a2715e55207","name":"Saida Brückner","product_name":null,"email":"brueckner@olac.studio","phone_number":null,"thumbnail":null,"status":"idle","created_at":"2022-02-01T20:22:40.060690Z","updated_at":"2022-02-01T20:23:49.252985Z","platform":"mobile","tags":[],"variables":null,"are_answers_public":false,"are_messages_public":false,"share_id":"chztt06sbbemau0qqjvksda0ljdldgw21d7vxsfm","share_url":"https://www.videoask.com/chztt06sbbemau0qqjvksda0ljdldgw21d7vxsfm","consent_given":true,"scoring":null}],"count":11}