{"next":null,"previous":null,"results":[{"are_answers_public":false,"are_messages_public":false,"author_id":"6a6ef752-67d8-423f-aa69-04b3cce1e788","created_at":"2022-01-27T08:02:30.531131Z","first_question":{"allowed_answer_media_types":["audio"],"collect_contact_information":false,"created_at":"2022-01-27T08:02:30.567857Z","form_id":"a4874138-e809-4ef9-bfea-ae1a81c32bbf","label":"1 1 von 3 Personen in...","logic_actions":[],"media_id":"ed334ffa-2f05-4a04-af32-f8830d1fd235","media_time_limit":90,"media_type":"video","media_url":"https://player.vimeo.com/external/370845738.sd.mp4?s=dbbb301e02c6e22733caf3bbce466eeb5daaa3f3&profile_id=165&oauth2_token_id=57447761","metadata":{"text":"1 von 3 Personen in der Schweiz können nicht an nationalen Wahlen und Abstimmungen teilnehmen. Die meisten davon, weil sie keinen Schweizer Pass besitzen. Forum for Inclusion möchte hören, was du dazu denkst.\n\nWer sollte am politischen Prozess in der Schweiz mitbestimmen dürfen? Warum?","darken_text_background":true,"fit_video":false,"overlay_text_size":3},"question_id":"e7ac3eb3-5200-46ad-8ff5-24590fcb6ea0","share_id":"f4nzanzk0","share_url":"https://www.videoask.com/f4nzanzk0","thumbnail":"https://images.pexels.com/videos/3176015/free-video-3176015.jpg?auto=compress&cs=tinysrgb&fit=crop&h=630&w=1200","title":"Statements zu FFI","transcode_status":"completed","transcribe_status":"completed","type":"standard","updated_at":"2022-02-06T13:37:35.026769Z"},"form_id":"a4874138-e809-4ef9-bfea-ae1a81c32bbf","hide_branding":false,"idle_deadline_time_in_minutes":60,"metadata":{"primary_color":"#B0FF00","secondary_color":"#B0FF00","background_color":"#ffffff","font_family":"Apercu Pro","font_value":"Apercu Pro","locale":"de-DE","transcription_locale":"de-DE","filter_profanities":false,"show_form_title":false,"live_recording":true,"consent_label":"Ich bin einverstanden, dass Forum for Inclusion meine anonymisierten Audioaufzeichnungen und die darin enthaltenen Aussagen für ihre Kampagne verwenden darf. Die Kampagne beinhaltet das Teilen meiner Aussagen auf der FFI Plattform und auf Social Media. Mein Vor- & Nachname sowie meine Kontaktdaten werden nicht veröffentlicht und bleiben anonym.","show_overlay_close_button":true,"show_player_controls":true,"show_subtitles_by_default":false,"pause_autoplay":false,"enhance_video_button":false,"overlay_text_color":"#FFFFFF","square_button_radius":16,"created_from":"duplicate","goodbye_screen":{"title":"Forum for Inclusion","subtitle":"Wir bedanken uns für deine Teilnahme und dein Vertrauen.\n\nBei Fragen kannst du uns jederzeit kontaktieren jeannie.schneider@dezentrum.ch","use_brand":false,"background_color":"#B0FF00","show_social_media_share_buttons":true},"expired_at_timezone":"Europe/Zurich"},"notifications":{"send_contact_message_emails":true},"organization_id":"6f58d21d-d307-49f9-9bdd-86cdde31feed","requires_consent":true,"requires_contact_email":true,"requires_contact_info":true,"requires_contact_name":true,"requires_contact_phone_number":false,"requires_contact_product_name":false,"respondents_count":0,"responses_share_id":"r11po4newbnyi9j6z9gn65zwy6c4hzq77hrjuxkr","responses_share_url":"https://www.videoask.com/r11po4newbnyi9j6z9gn65zwy6c4hzq77hrjuxkr","share_id":"f4nzanzk0","share_url":"https://www.videoask.com/f4nzanzk0","show_consent":true,"show_contact_email":true,"show_contact_name":true,"show_contact_phone_number":false,"show_contact_product_name":false,"tag_share_id":"zjlaquxmoo4cvgsbxm2j0yh5x9xt5tnlqaqfxtbe","tag_share_url":"https://www.videoask.com/zjlaquxmoo4cvgsbxm2j0yh5x9xt5tnlqaqfxtbe","title":"FFI Statements short","updated_at":"2022-02-06T13:37:35.032736Z"},{"are_answers_public":false,"are_messages_public":false,"author_id":"6a6ef752-67d8-423f-aa69-04b3cce1e788","created_at":"2022-01-18T08:41:32.165253Z","first_question":{"allow_multiple_selection":false,"answers_count":0,"collect_contact_information":false,"created_at":"2022-01-18T08:41:32.192747Z","form_id":"06a37f6d-5e05-4779-bfa0-7ca162000288","label":"1 Jede dritte Person kann nicht...","logic_actions":[{"action":"jump","details":{"to":{"type":"question","value":"1c0e08c5-a89d-4a38-82aa-ee1cdc184a53"}},"condition":{"op":"always","vars":[]}}],"media_id":"5576611a-a3f0-44da-b5a9-12e461dd7615","media_type":"video","media_url":"https://player.vimeo.com/external/476642450.hd.mp4?s=6eaf840471cbcf97c514b7b372d30206a819ef55&profile_id=170&oauth2_token_id=57447761","metadata":{"custom_type":"button","text":"Jede dritte Person kann nicht an politischen Prozessen teilnehmen. Die meisten davon, weil sie keinen Schweizer Pass besitzt. Das Forum for Inclusion möchte eine Plattform bieten um die Stimmen dieser Personen zu hören. \n\nDafür brauchen wir deine Hilfe. Mit deinem Beitrag unterstützt du unsere Kampagne um Reichweite für das Forum for Inclusion zu generieren.","darken_text_background":true,"fit_video":false,"disable_data_collection":true,"overlay_text_size":2},"poll_options":[{"id":"46880c54-9e8a-45c0-83be-01333c82014f","option_id":"46880c54-9e8a-45c0-83be-01333c82014f","content":"Weiter","total_count":0,"ref":"d66da6cd-9cef-4743-bd33-f280cd0b1e1d"}],"question_id":"0c898f98-b9a7-498f-83a4-8268da342b33","share_id":"fqryzh2nl","share_url":"https://www.videoask.com/fqryzh2nl","thumbnail":"https://images.pexels.com/videos/5818973/background-videos-little-star-night-night-sky-5818973.jpeg?auto=compress&cs=tinysrgb&fit=crop&h=630&w=1200","title":"Info","transcode_status":"completed","transcribe_status":"completed","type":"poll","updated_at":"2022-01-18T08:41:32.193526Z"},"form_id":"06a37f6d-5e05-4779-bfa0-7ca162000288","hide_branding":false,"idle_deadline_time_in_minutes":60,"metadata":{"primary_color":"#B0FF00","secondary_color":"#B0FF00","background_color":"#ffffff","font_family":"Apercu Pro","font_value":"Apercu Pro","locale":"de-DE","transcription_locale":"de-DE","filter_profanities":true,"show_form_title":false,"live_recording":true,"consent_label":"Ich bin einverstanden, dass Forum for Inclusion meine Videoaufzeichnungen und die darin enthaltenen Aussagen für ihre Kampagne verwenden darf. Ich bin einverstanden, dass mein Vor- und Nachname für die Kampagne verwendet wird und Forum for Inclusion auf meine Social Media Kanäle verlinkt.","show_overlay_close_button":true,"show_player_controls":true,"show_subtitles_by_default":false,"pause_autoplay":false,"enhance_video_button":false,"overlay_text_color":"#FFFFFF","square_button_radius":16,"created_from":"duplicate","goodbye_screen":{"title":"Forum for Inclusion","subtitle":"Wir bedanken uns herzlich für deine Teilnahme und dein Vertrauen. Bei Fragen kannst du uns jederzeit kontaktieren \n\n jeannie.schneider@dezentrum.ch","use_brand":false,"background_color":"#B0FF00","show_social_media_share_buttons":false},"expired_at_timezone":"Europe/Zurich"},"notifications":{"send_contact_message_emails":true},"organization_id":"6f58d21d-d307-49f9-9bdd-86cdde31feed","requires_consent":true,"requires_contact_email":true,"requires_contact_info":true,"requires_contact_name":true,"requires_contact_phone_number":false,"requires_contact_product_name":false,"respondents_count":0,"responses_share_id":"rpbh3o88yzj04ktzvkqvm86u5m22bv9bf97lmn75","responses_share_url":"https://www.videoask.com/rpbh3o88yzj04ktzvkqvm86u5m22bv9bf97lmn75","share_id":"fqryzh2nl","share_url":"https://www.videoask.com/fqryzh2nl","show_consent":true,"show_contact_email":true,"show_contact_name":true,"show_contact_phone_number":false,"show_contact_product_name":false,"tag_share_id":"z2b8olqhr0k3xxvt7p82quwdtdk0s91m7xr559l6","tag_share_url":"https://www.videoask.com/z2b8olqhr0k3xxvt7p82quwdtdk0s91m7xr559l6","title":"FFI Supporter:in","updated_at":"2022-01-18T13:08:45.436464Z"},{"are_answers_public":false,"are_messages_public":false,"author_id":"6a6ef752-67d8-423f-aa69-04b3cce1e788","created_at":"2022-01-05T13:58:43.773281Z","first_question":{"allow_multiple_selection":false,"answers_count":0,"caption_data":"WEBVTT\n\nkey-0\n00:00:00.000 --> 00:00:01.000\nQuelle https://www.swissinfo.ch/ger/-die-auslaendische-wohnbevoelkerung-ist-zu-gross--um-sie-zu-ignorieren-/47047100","collect_contact_information":false,"created_at":"2022-01-05T13:58:43.796879Z","form_id":"218bd850-5a10-41b7-9ae4-d4711ecd0b8d","label":"1 Jede dritte Person in der...","logic_actions":[{"action":"jump","details":{"to":{"type":"question","value":"fe3b71dc-b123-4acb-82fb-edf36d0a00f6"}},"condition":{"op":"always","vars":[]}}],"media_id":"814ab9ea-196a-4c44-abd9-34519277b730","media_type":"video","media_url":"https://player.vimeo.com/external/210743868.hd.mp4?s=f1793be2a5da3184459fb9d96e994fe8de0f9ec5&profile_id=169&oauth2_token_id=57447761","metadata":{"custom_type":"button","text":"Jede dritte Person in der Schweiz kann nicht an nationalen Wahlen und Abstimmungen teilnehmen. Die meisten davon, weil sie keinen Schweizerpass besitzen.\n\nWir wollen hören, was du dazu denkst.","darken_text_background":true,"fit_video":false,"disable_data_collection":true,"overlay_text_size":3,"notes":"https://www.swissinfo.ch/ger/-die-auslaendische-wohnbevoelkerung-ist-zu-gross--um-sie-zu-ignorieren-/47047100"},"poll_options":[{"id":"eaef4ba7-7d42-4cda-9e19-f75dd23dd70e","option_id":"eaef4ba7-7d42-4cda-9e19-f75dd23dd70e","content":"Hier gehts weiter","total_count":0,"ref":"0b4bb39c-af1d-45ec-bab8-0a67f7bb535f"}],"question_id":"0be97efa-95b7-4ec5-bee8-932f26e2029d","share_id":"fhakilhwi","share_url":"https://www.videoask.com/fhakilhwi","thumbnail":"https://images.pexels.com/videos/853946/free-video-853946.jpg?auto=compress&cs=tinysrgb&fit=crop&h=630&w=1200","title":"Infos","transcode_status":"completed","transcribe_status":"completed","type":"poll","updated_at":"2022-01-11T13:51:56.899126Z"},"form_id":"218bd850-5a10-41b7-9ae4-d4711ecd0b8d","hide_branding":false,"idle_deadline_time_in_minutes":60,"metadata":{"primary_color":"#B0FF00","secondary_color":"#B0FF00","background_color":"#ffffff","font_family":"Apercu Pro","font_value":"Apercu Pro","locale":"de-DE","transcription_locale":"de-DE","filter_profanities":false,"show_form_title":false,"live_recording":true,"consent_label":"Ich bin einverstanden, dass Forum for Inclusion meine anonymisierten Audioaufzeichnungen und die darin enthaltenen Aussagen für ihre Kampagne verwenden darf. Die Kampagne beinhaltet das Teilen meiner Aussagen auf der FFI Plattform und auf Social Media. Mein Vor- & Nachname sowie meine Kontaktdaten werden nicht veröffentlicht und bleiben anonym.","show_overlay_close_button":true,"show_player_controls":true,"show_subtitles_by_default":false,"pause_autoplay":false,"enhance_video_button":false,"overlay_text_color":"#FFFFFF","square_button_radius":16,"created_from":"duplicate","goodbye_screen":{"title":"Forum for Inclusion","subtitle":"Wir bedanken uns herzlich für deine Teilnahme und dein Vertrauen. Bei Fragen kannst du uns jederzeit kontaktieren\n\n jeannie.schneider@dezentrum.ch","use_brand":false,"background_color":"#1B1B1D","show_social_media_share_buttons":true},"expired_at_timezone":"Europe/Zurich"},"notifications":{"send_contact_message_emails":true},"organization_id":"6f58d21d-d307-49f9-9bdd-86cdde31feed","requires_consent":true,"requires_contact_email":true,"requires_contact_info":true,"requires_contact_name":true,"requires_contact_phone_number":false,"requires_contact_product_name":false,"respondents_count":0,"responses_share_id":"r3487truo05kre55q6rlg7yyxcs4farsng1ga0xd","responses_share_url":"https://www.videoask.com/r3487truo05kre55q6rlg7yyxcs4farsng1ga0xd","share_id":"fhakilhwi","share_url":"https://www.videoask.com/fhakilhwi","show_consent":true,"show_contact_email":true,"show_contact_name":true,"show_contact_phone_number":false,"show_contact_product_name":false,"tag_share_id":"ztmr2q323paefoxgkcixrxq6e0b1bkfn99svz1n3","tag_share_url":"https://www.videoask.com/ztmr2q323paefoxgkcixrxq6e0b1bkfn99svz1n3","title":"FFI Statements long","updated_at":"2022-01-27T07:16:37.929911Z"},{"are_answers_public":false,"are_messages_public":false,"author_id":"6a6ef752-67d8-423f-aa69-04b3cce1e788","created_at":"2022-01-05T09:12:26.310544Z","first_question":{"allow_multiple_selection":false,"answers_count":0,"collect_contact_information":false,"created_at":"2022-01-10T13:25:23.364701Z","form_id":"ca790122-46d7-4ee2-98f8-6e8e31f71e7b","label":"1 Jede dritte Person kann nicht...","logic_actions":[{"action":"jump","details":{"to":{"type":"question","value":"929319e1-83f8-4271-88ac-1fa0b0ce067f"}},"condition":{"op":"always","vars":[]}}],"media_id":"5576611a-a3f0-44da-b5a9-12e461dd7615","media_type":"video","media_url":"https://player.vimeo.com/external/476642450.hd.mp4?s=6eaf840471cbcf97c514b7b372d30206a819ef55&profile_id=170&oauth2_token_id=57447761","metadata":{"custom_type":"button","text":"Jede dritte Person kann nicht an politischen Prozessen teilnehmen. Die meisten davon, weil sie keinen Schweizer Pass besitzt. Das Forum for Inclusion möchte eine Plattform bieten um die Stimmen dieser Personen zu hören. \n\nDafür brauchen wir deine Hilfe. Mit deinem Beitrag unterstützt du unsere Kampagne um Reichweite für das Forum for Inclusion zu generieren.","darken_text_background":true,"fit_video":false,"disable_data_collection":true,"overlay_text_size":2},"poll_options":[{"id":"087ef74b-8e65-4e54-b1f7-42a841cf7091","option_id":"087ef74b-8e65-4e54-b1f7-42a841cf7091","content":"Weiter","total_count":0,"ref":"d66da6cd-9cef-4743-bd33-f280cd0b1e1d"}],"question_id":"ff1596f4-872c-43e3-8464-6e702f39d0ca","share_id":"fpoqibs1e","share_url":"https://www.videoask.com/fpoqibs1e","thumbnail":"https://images.pexels.com/videos/5818973/background-videos-little-star-night-night-sky-5818973.jpeg?auto=compress&cs=tinysrgb&fit=crop&h=630&w=1200","title":"Info","transcode_status":"completed","transcribe_status":"completed","type":"poll","updated_at":"2022-01-11T14:36:27.163698Z"},"form_id":"ca790122-46d7-4ee2-98f8-6e8e31f71e7b","hide_branding":false,"idle_deadline_time_in_minutes":60,"metadata":{"primary_color":"#B0FF00","secondary_color":"#B0FF00","background_color":"#ffffff","font_family":"Apercu Pro","font_value":"Apercu Pro","locale":"de-DE","transcription_locale":"de-DE","filter_profanities":false,"show_form_title":false,"live_recording":true,"consent_label":"Ich bin einverstanden, dass Forum for Inclusion meine Videoaufzeichnungen und die darin enthaltenen Aussagen für ihre Kampagne verwenden darf. Ich bin einverstanden, dass mein Vor- und Nachname für die Kampagne verwendet wird und Forum for Inclusion auf meine Social Media Kanäle verlinkt.","show_overlay_close_button":true,"show_player_controls":true,"show_subtitles_by_default":false,"pause_autoplay":false,"enhance_video_button":false,"overlay_text_color":"#FFFFFF","square_button_radius":16,"created_from":"duplicate","goodbye_screen":{"title":"Forum for Inclusion","subtitle":"Wir bedanken uns herzlich für deine Teilnahme und dein Vertrauen. Bei Fragen kannst du uns jederzeit kontaktieren \n\n jeannie.schneider@dezentrum.ch","use_brand":false,"background_color":"#B0FF00","show_social_media_share_buttons":false},"expired_at_timezone":"Europe/Zurich"},"notifications":{"send_contact_message_emails":true},"organization_id":"6f58d21d-d307-49f9-9bdd-86cdde31feed","requires_consent":true,"requires_contact_email":true,"requires_contact_info":true,"requires_contact_name":true,"requires_contact_phone_number":false,"requires_contact_product_name":false,"respondents_count":0,"responses_share_id":"rjp0iotortzqw9m5e0xluc3fg315xfulpe61sq7a","responses_share_url":"https://www.videoask.com/rjp0iotortzqw9m5e0xluc3fg315xfulpe61sq7a","share_id":"fpoqibs1e","share_url":"https://www.videoask.com/fpoqibs1e","show_consent":true,"show_contact_email":true,"show_contact_name":true,"show_contact_phone_number":false,"show_contact_product_name":false,"tag_share_id":"zq44dah9o23r8jlstbg4ku9kh6iulrh0jzlg8o80","tag_share_url":"https://www.videoask.com/zq44dah9o23r8jlstbg4ku9kh6iulrh0jzlg8o80","title":"FFI Supporter","updated_at":"2022-01-18T08:17:06.867213Z"},{"are_answers_public":false,"are_messages_public":false,"author_id":"6a6ef752-67d8-423f-aa69-04b3cce1e788","created_at":"2022-01-04T16:19:39.328058Z","first_question":{"allowed_answer_media_types":[],"collect_contact_information":false,"created_at":"2022-01-04T16:28:42.412790Z","form_id":"663a05c9-c8d1-41b1-a35b-d9d12a39a75a","label":"1 Danke, dass du uns hilfst...","logic_actions":[{"action":"jump","details":{"to":{"type":"question","value":"32058a9c-1afe-4521-8d2c-d083494b5b39"}},"condition":{"op":"always","vars":[]}}],"media_id":"56897685-9a99-463e-bcc8-6dd8f849d267","media_type":"video","media_url":"https://player.vimeo.com/external/384418956.hd.mp4?s=56c008ddada42ffe7e3baf3e817f4427651bcd17&profile_id=175&oauth2_token_id=57447761","metadata":{"text":"Danke, dass du uns hilfst auf Forum for Inclusion aufmerksam zu machen. Mit dieser Umfrage möchten wir deine Gedanken zum Projekt abholen. Deine Statements werden in Videoformat auf unserer Webapplikation sowie unseren Sozialen Medien ersichtlich sein. \n\n\nBei Unklarheiten, Fragen oder technischen Schwierigkeiten, kannst du uns jederzeit kontaktieren unter jeannie.schneider@dezentrum.ch","darken_text_background":true,"fit_video":false,"overlay_text_size":2},"question_id":"5c19fcfd-e193-46dc-90f6-8ec6151462f7","share_id":"f86f0zuns","share_url":"https://www.videoask.com/f86f0zuns","thumbnail":"https://images.pexels.com/videos/3564321/free-video-3564321.jpg?auto=compress&cs=tinysrgb&fit=crop&h=630&w=1200","title":"Intro","transcode_status":"completed","transcribe_status":"completed","type":"standard","updated_at":"2022-01-05T09:11:25.809971Z"},"folder_id":"3af94879-9a00-435a-914a-a40af14eb014","form_id":"663a05c9-c8d1-41b1-a35b-d9d12a39a75a","hide_branding":false,"idle_deadline_time_in_minutes":60,"metadata":{"primary_color":"#7D00FE","secondary_color":"#36CF71","background_color":"#ffffff","font_family":"Apercu Pro","font_value":"Apercu Pro","locale":"de-DE","show_form_title":false,"live_recording":true,"show_overlay_close_button":true,"show_player_controls":true,"square_button_radius":16},"notifications":{"send_contact_message_emails":true},"organization_id":"6f58d21d-d307-49f9-9bdd-86cdde31feed","requires_consent":false,"requires_contact_email":false,"requires_contact_info":false,"requires_contact_name":false,"requires_contact_phone_number":false,"requires_contact_product_name":false,"respondents_count":0,"responses_share_id":"r8vggfo01u8wsotljluw5pa4zbsaccm5cd6v49z6","responses_share_url":"https://www.videoask.com/r8vggfo01u8wsotljluw5pa4zbsaccm5cd6v49z6","share_id":"f86f0zuns","share_url":"https://www.videoask.com/f86f0zuns","show_consent":false,"show_contact_email":false,"show_contact_name":false,"show_contact_phone_number":false,"show_contact_product_name":false,"tag_share_id":"zqklfiwnyvxz8m7f8r95x6qwlidu07lbq3g7bj2y","tag_share_url":"https://www.videoask.com/zqklfiwnyvxz8m7f8r95x6qwlidu07lbq3g7bj2y","title":"V1 Unterstütze FFI","updated_at":"2022-01-17T07:24:15.569022Z"},{"are_answers_public":false,"are_messages_public":false,"author_id":"6a6ef752-67d8-423f-aa69-04b3cce1e788","created_at":"2021-12-27T10:32:45.387343Z","first_question":{"allow_multiple_selection":false,"answers_count":0,"collect_contact_information":false,"created_at":"2021-12-29T10:08:21.461377Z","form_id":"e14c382f-4f03-4fd9-914d-7de41e7bff45","label":"1 In der Schweiz können Personen...","logic_actions":[{"action":"jump","details":{"to":{"type":"question","value":"83e62c4f-9724-43b2-ac69-e7f36a1578d2"}},"condition":{"op":"always","vars":[]}}],"media_id":"ab77dc80-d35d-4c25-9dd0-fc9941d294df","media_type":"video","media_url":"https://player.vimeo.com/external/399270571.hd.mp4?s=51195dbf7e37584ff5e984eb561ac28c3ed064ec&profile_id=174&oauth2_token_id=57447761","metadata":{"custom_type":"button","text":"In der Schweiz können Personen ohne Schweizer Pass nicht abstimmen. Mit dieser Umfrage wollen wir deine Gedanken dazu hören.","darken_text_background":true,"fit_video":false,"disable_data_collection":true,"overlay_text_size":5},"poll_options":[{"id":"90215447-1c0e-493c-b977-7927c0d42cd8","option_id":"90215447-1c0e-493c-b977-7927c0d42cd8","content":"Hier geht es los mit der Umfrage","total_count":0,"ref":"84e7eeb0-c09d-41ff-8256-0efc876a51c5"}],"question_id":"fa0dce14-51ce-49df-8a60-082db9923c92","share_id":"flun8er4m","share_url":"https://www.videoask.com/flun8er4m","thumbnail":"https://images.pexels.com/videos/3974178/pexels-photo-3974178.jpeg?auto=compress&cs=tinysrgb&fit=crop&h=630&w=1200","title":"Start","transcode_status":"completed","transcribe_status":"completed","type":"poll","updated_at":"2021-12-29T10:17:54.308204Z"},"folder_id":"3af94879-9a00-435a-914a-a40af14eb014","form_id":"e14c382f-4f03-4fd9-914d-7de41e7bff45","hide_branding":false,"idle_deadline_time_in_minutes":60,"metadata":{"primary_color":"#7D00FE","secondary_color":"#36CF71","background_color":"#ffffff","font_family":"Apercu Pro","font_value":"Apercu Pro","locale":"en-US","transcription_locale":"de-CH","filter_profanities":false,"show_form_title":false,"live_recording":true,"show_overlay_close_button":true,"show_player_controls":true,"show_subtitles_by_default":false,"pause_autoplay":false,"enhance_video_button":false,"overlay_text_color":"#FFFFFF","square_button_radius":16,"goodbye_screen":{"title":"Vielen Dank","subtitle":"Diese Umfrage ist Teil der Projektes Forum for Inclusion. Um mehr darüber zu erfahren klicke hier:","use_brand":false,"background_color":null,"show_social_media_share_buttons":false},"expired_at_timezone":"Europe/Zurich"},"notifications":{"send_contact_message_emails":true},"organization_id":"6f58d21d-d307-49f9-9bdd-86cdde31feed","requires_consent":false,"requires_contact_email":false,"requires_contact_info":false,"requires_contact_name":false,"requires_contact_phone_number":false,"requires_contact_product_name":false,"respondents_count":0,"responses_share_id":"rqviodwxn9kzg0el9bsrqnunf4zgezfzp2rrnls6","responses_share_url":"https://www.videoask.com/rqviodwxn9kzg0el9bsrqnunf4zgezfzp2rrnls6","share_id":"flun8er4m","share_url":"https://www.videoask.com/flun8er4m","show_consent":false,"show_contact_email":false,"show_contact_name":false,"show_contact_phone_number":false,"show_contact_product_name":false,"tag_share_id":"znkw3l1a2740wui9sen53dxb8km8dmkbleuwjoxz","tag_share_url":"https://www.videoask.com/znkw3l1a2740wui9sen53dxb8km8dmkbleuwjoxz","title":"Meinung zum Schweizer Stimm- & Wahlrecht","updated_at":"2022-01-17T07:24:19.179442Z"},{"are_answers_public":false,"are_messages_public":false,"author_id":"6a6ef752-67d8-423f-aa69-04b3cce1e788","created_at":"2021-07-19T14:27:23.638338Z","first_question":{"allow_multiple_selection":true,"answers_count":0,"collect_contact_information":false,"created_at":"2021-09-23T09:12:54.777550Z","form_id":"71ddf739-b426-4464-8e9b-9b2bf29b18b7","label":"1 Zu welchen ausgeschlossenen Gruppen gehörst...","logic_actions":[{"action":"jump","details":{"to":{"type":"question","value":"64992e6c-66a7-4ab4-bfba-84d23a709dac"}},"condition":{"op":"always","vars":[]}}],"media_id":"782f706f-55bd-42fa-8eca-0804050dd271","media_type":"video","media_url":"https://player.vimeo.com/external/214504055.sd.mp4?s=e879e761715f2cd38af0baec842455562b85153f&profile_id=165&oauth2_token_id=57447761","metadata":{"text":"Zu welchen ausgeschlossenen Gruppen gehörst du?","darken_text_background":true,"fit_video":false,"poll_tip":false,"overlay_text_size":3},"poll_options":[{"id":"e77b91c8-856a-4f35-b333-bbf620add0d0","option_id":"e77b91c8-856a-4f35-b333-bbf620add0d0","content":"Keine CH-Staatsbürgerschaft","total_count":0,"ref":"033e119b-6c5a-49bb-8f16-d7bfcbef0558"},{"id":"ae62bb55-5147-4a00-ba7a-5a1d515fb8d0","option_id":"ae62bb55-5147-4a00-ba7a-5a1d515fb8d0","content":"Beeinträchtigt","total_count":0,"ref":"6f6f3d6e-90a6-4b0b-96e3-bec062abb200"},{"id":"6b731652-451c-4a40-b55c-1eb8badd70c4","option_id":"6b731652-451c-4a40-b55c-1eb8badd70c4","content":"Minderjährig","total_count":0,"ref":"81d78e5d-71fb-45f0-a4fd-19063d6a9b4d"}],"question_id":"7338ec13-fb14-45c0-9cb5-937a92da8f7e","share_id":"f66vcu1u8","share_url":"https://www.videoask.com/f66vcu1u8","thumbnail":"https://images.pexels.com/videos/856077/free-video-856077.jpg?auto=compress&cs=tinysrgb&fit=crop&h=630&w=1200","title":"Group","transcode_status":"completed","transcribe_status":"completed","type":"poll","updated_at":"2021-09-23T09:15:22.940779Z"},"form_id":"71ddf739-b426-4464-8e9b-9b2bf29b18b7","hide_branding":false,"idle_deadline_time_in_minutes":60,"metadata":{"primary_color":"#7D00FE","secondary_color":"#36CF71","background_color":"#ffffff","locale":"en-US","show_form_title":false,"live_recording":true,"show_overlay_close_button":true,"show_player_controls":true,"square_button_radius":16},"notifications":{"send_contact_message_emails":true},"organization_id":"6f58d21d-d307-49f9-9bdd-86cdde31feed","requires_consent":false,"requires_contact_email":true,"requires_contact_info":true,"requires_contact_name":true,"requires_contact_phone_number":false,"requires_contact_product_name":false,"respondents_count":0,"responses_share_id":"rll0fwdoi3lfwjf9lwqe6hlc4vmkwp490xalbi8m","responses_share_url":"https://www.videoask.com/rll0fwdoi3lfwjf9lwqe6hlc4vmkwp490xalbi8m","share_id":"f66vcu1u8","share_url":"https://www.videoask.com/f66vcu1u8","show_consent":false,"show_contact_email":true,"show_contact_name":true,"show_contact_phone_number":false,"show_contact_product_name":false,"tag_share_id":"zdnve6c36kjecem4dbtepfrk712k8hzbsk1ikher","tag_share_url":"https://www.videoask.com/zdnve6c36kjecem4dbtepfrk712k8hzbsk1ikher","title":"Volksinitiative «Löhne entlasten, Kapital gerecht besteuern»","updated_at":"2021-09-23T09:15:22.945332Z"},{"are_answers_public":false,"are_messages_public":false,"author_id":"6a6ef752-67d8-423f-aa69-04b3cce1e788","created_at":"2021-07-19T13:38:55.091687Z","first_question":{"allow_multiple_selection":true,"answers_count":0,"collect_contact_information":false,"created_at":"2021-09-14T17:56:11.142010Z","form_id":"1416f03a-5be9-42a7-a83d-3e29730d2ecb","label":"1 Zu welcher Ausgeschlossenen Gruppe zählst...","logic_actions":[{"action":"jump","details":{"to":{"type":"question","value":"2d6a0976-3204-4221-8e41-cb7652919610"}},"condition":{"op":"always","vars":[]}}],"media_id":"0b6eccff-dd09-4599-8985-0f7117ed06ab","media_type":"video","media_url":"https://player.vimeo.com/external/325806440.sd.mp4?s=277a9a14409a541645acccebd050c3a2726dedae&profile_id=165&oauth2_token_id=57447761","metadata":{"text":"Zu welcher Ausgeschlossenen Gruppe zählst du?","darken_text_background":true,"fit_video":false,"overlay_text_size":3},"poll_options":[{"id":"0894bfa3-159c-41df-8a05-c5cf2a661a55","option_id":"0894bfa3-159c-41df-8a05-c5cf2a661a55","content":"Keine CH-Staatsbürgerschaft","total_count":0,"ref":"c7ef96cd-c518-4962-b8e8-7ef1fbe9d9a6"},{"id":"503b0b58-75ae-40aa-aa81-e193f5af33d5","option_id":"503b0b58-75ae-40aa-aa81-e193f5af33d5","content":"Beeinträchtigt","total_count":0,"ref":"61685a56-6cb2-4395-9d5e-1eade013a61c"},{"id":"2c8c4fe2-a1cd-405d-a0d9-c61f006aeb35","option_id":"2c8c4fe2-a1cd-405d-a0d9-c61f006aeb35","content":"Minderjährig","total_count":0,"ref":"afa4c46e-9d76-48c6-b1d2-0a25f5aa59f1"}],"question_id":"3fad2e66-3348-4734-b888-3ad46855ac89","share_id":"fquwrns89","share_url":"https://www.videoask.com/fquwrns89","thumbnail":"https://images.pexels.com/videos/2048452/pictures/preview-0.jpg","title":"Zu welcher Ausgeschlossenen Gruppe zählst du?","transcode_status":"completed","transcribe_status":"completed","type":"poll","updated_at":"2021-09-23T09:16:00.750596Z"},"form_id":"1416f03a-5be9-42a7-a83d-3e29730d2ecb","hide_branding":false,"idle_deadline_time_in_minutes":60,"metadata":{"primary_color":"#7D00FE","secondary_color":"#36CF71","background_color":"#ffffff","font_family":"Helvetica Neue (Mac)","font_value":"\"Helvetica Neue\", sans-serif","locale":"de-DE","transcription_locale":"en-US","filter_profanities":false,"show_form_title":false,"live_recording":true,"show_overlay_close_button":true,"show_player_controls":false,"show_subtitles_by_default":false,"pause_autoplay":false,"enhance_video_button":false,"overlay_text_color":"#FFFFFF","square_button_radius":16,"expired_at_timezone":"Europe/Zurich"},"notifications":{"send_contact_message_emails":true},"organization_id":"6f58d21d-d307-49f9-9bdd-86cdde31feed","requires_consent":false,"requires_contact_email":true,"requires_contact_info":true,"requires_contact_name":true,"requires_contact_phone_number":false,"requires_contact_product_name":false,"respondents_count":0,"responses_share_id":"r3pw86gsexfwe176kwdqavbyhmzobf9s5pgo8fyl","responses_share_url":"https://www.videoask.com/r3pw86gsexfwe176kwdqavbyhmzobf9s5pgo8fyl","share_id":"fquwrns89","share_url":"https://www.videoask.com/fquwrns89","show_consent":false,"show_contact_email":true,"show_contact_name":true,"show_contact_phone_number":false,"show_contact_product_name":false,"tag_share_id":"zvs19738ocx9pb7e2dgfth5v7hzrd25yc54c4kws","tag_share_url":"https://www.videoask.com/zvs19738ocx9pb7e2dgfth5v7hzrd25yc54c4kws","title":"Änderung des Schweizerischen Zivilgesetzbuches (Ehe für alle)","updated_at":"2021-09-23T09:16:00.755376Z"}],"count":8}