{"next":null,"previous":null,"results":[{"answer_id":"70e37304-1ae6-41be-9c5c-2344f2b6fb1f","organization_id":"6f58d21d-d307-49f9-9bdd-86cdde31feed","contact_id":"f381669e-9cb0-4ec3-85e4-13573827b4d9","created_at":"2021-11-03T18:03:08.960691Z","form_author_id":"6a6ef752-67d8-423f-aa69-04b3cce1e788","form_hide_branding":false,"form_id":"1416f03a-5be9-42a7-a83d-3e29730d2ecb","form_metadata":{"locale":"de-DE","font_value":"\"Helvetica Neue\", sans-serif","font_family":"Helvetica Neue (Mac)","primary_color":"#7D00FE","live_recording":true,"pause_autoplay":false,"secondary_color":"#36CF71","show_form_title":false,"background_color":"#ffffff","filter_profanities":false,"overlay_text_color":"#FFFFFF","expired_at_timezone":"Europe/Zurich","enhance_video_button":false,"show_player_controls":false,"square_button_radius":16,"transcription_locale":"en-US","show_overlay_close_button":true,"show_subtitles_by_default":false},"form_share_id":"fquwrns89","is_public":false,"media_type":"poll","poll_options":[{"id":"0894bfa3-159c-41df-8a05-c5cf2a661a55","content":"Keine CH-Staatsbürgerschaft","ref":"c7ef96cd-c518-4962-b8e8-7ef1fbe9d9a6"}],"file_uploads":[],"question_id":"3fad2e66-3348-4734-b888-3ad46855ac89","share_id":"azi0amad2bn7o16isosq55i0sgetp12m3to2x42t","share_url":"https://www.videoask.com/azi0amad2bn7o16isosq55i0sgetp12m3to2x42t","transcode_status":"completed","transcription":"","type":"poll","poll_option_id":"0894bfa3-159c-41df-8a05-c5cf2a661a55","poll_option_content":"Keine CH-Staatsbürgerschaft"},{"answer_id":"e1f2ecef-b4db-45bf-8015-8e55f70d7ad4","organization_id":"6f58d21d-d307-49f9-9bdd-86cdde31feed","contact_email":"noahkwakupetschi@gmail.com","contact_id":"cf7515b8-befd-4a65-90dc-4f2d836fb0f7","contact_name":"Noah Petschi","created_at":"2021-10-21T10:10:16.117612Z","form_author_id":"6a6ef752-67d8-423f-aa69-04b3cce1e788","form_hide_branding":false,"form_id":"1416f03a-5be9-42a7-a83d-3e29730d2ecb","form_metadata":{"locale":"de-DE","font_value":"\"Helvetica Neue\", sans-serif","font_family":"Helvetica Neue (Mac)","primary_color":"#7D00FE","live_recording":true,"pause_autoplay":false,"secondary_color":"#36CF71","show_form_title":false,"background_color":"#ffffff","filter_profanities":false,"overlay_text_color":"#FFFFFF","expired_at_timezone":"Europe/Zurich","enhance_video_button":false,"show_player_controls":false,"square_button_radius":16,"transcription_locale":"en-US","show_overlay_close_button":true,"show_subtitles_by_default":false},"form_share_id":"fquwrns89","is_public":false,"media_type":"poll","poll_options":[{"id":"0894bfa3-159c-41df-8a05-c5cf2a661a55","content":"Keine CH-Staatsbürgerschaft","ref":"c7ef96cd-c518-4962-b8e8-7ef1fbe9d9a6"}],"file_uploads":[],"question_id":"3fad2e66-3348-4734-b888-3ad46855ac89","share_id":"acihs3vbpbc67ztr3qs5uetokudwqcswvf25wye1","share_url":"https://www.videoask.com/acihs3vbpbc67ztr3qs5uetokudwqcswvf25wye1","transcode_status":"completed","transcription":"","type":"poll","poll_option_id":"0894bfa3-159c-41df-8a05-c5cf2a661a55","poll_option_content":"Keine CH-Staatsbürgerschaft"},{"answer_id":"f2896e0e-63f2-4b37-97b3-59be6bf76401","organization_id":"6f58d21d-d307-49f9-9bdd-86cdde31feed","contact_email":"anonym@gmail.com","contact_id":"9b7fde31-7940-4cfc-95f6-e85d3178ad56","contact_name":"Anonym","created_at":"2021-09-23T14:37:39.479264Z","form_author_id":"6a6ef752-67d8-423f-aa69-04b3cce1e788","form_hide_branding":false,"form_id":"1416f03a-5be9-42a7-a83d-3e29730d2ecb","form_metadata":{"locale":"de-DE","font_value":"\"Helvetica Neue\", sans-serif","font_family":"Helvetica Neue (Mac)","primary_color":"#7D00FE","live_recording":true,"pause_autoplay":false,"secondary_color":"#36CF71","show_form_title":false,"background_color":"#ffffff","filter_profanities":false,"overlay_text_color":"#FFFFFF","expired_at_timezone":"Europe/Zurich","enhance_video_button":false,"show_player_controls":false,"square_button_radius":16,"transcription_locale":"en-US","show_overlay_close_button":true,"show_subtitles_by_default":false},"form_share_id":"fquwrns89","is_public":false,"media_type":"poll","poll_options":[{"id":"2c8c4fe2-a1cd-405d-a0d9-c61f006aeb35","content":"Minderjährig","ref":"afa4c46e-9d76-48c6-b1d2-0a25f5aa59f1"}],"file_uploads":[],"question_id":"3fad2e66-3348-4734-b888-3ad46855ac89","share_id":"azab157wmpgj2ilkoz8p1odwkonbrk0g9mec912m","share_url":"https://www.videoask.com/azab157wmpgj2ilkoz8p1odwkonbrk0g9mec912m","transcode_status":"completed","transcription":"","type":"poll","poll_option_id":"2c8c4fe2-a1cd-405d-a0d9-c61f006aeb35","poll_option_content":"Minderjährig"},{"answer_id":"b3b00ab1-c2b9-48b2-ad7f-79eab9b537c2","organization_id":"6f58d21d-d307-49f9-9bdd-86cdde31feed","contact_email":"vinzenz.leutenegger@dezentrum.ch","contact_id":"ebaf91e4-3a15-4950-b97b-f4cd747c81e7","contact_name":"Vinzenz","created_at":"2021-09-23T09:17:41.803910Z","form_author_id":"6a6ef752-67d8-423f-aa69-04b3cce1e788","form_hide_branding":false,"form_id":"1416f03a-5be9-42a7-a83d-3e29730d2ecb","form_metadata":{"locale":"de-DE","font_value":"\"Helvetica Neue\", sans-serif","font_family":"Helvetica Neue (Mac)","primary_color":"#7D00FE","live_recording":true,"pause_autoplay":false,"secondary_color":"#36CF71","show_form_title":false,"background_color":"#ffffff","filter_profanities":false,"overlay_text_color":"#FFFFFF","expired_at_timezone":"Europe/Zurich","enhance_video_button":false,"show_player_controls":false,"square_button_radius":16,"transcription_locale":"en-US","show_overlay_close_button":true,"show_subtitles_by_default":false},"form_share_id":"fquwrns89","is_public":false,"media_type":"poll","poll_options":[{"id":"0894bfa3-159c-41df-8a05-c5cf2a661a55","content":"Keine CH-Staatsbürgerschaft","ref":"c7ef96cd-c518-4962-b8e8-7ef1fbe9d9a6"},{"id":"503b0b58-75ae-40aa-aa81-e193f5af33d5","content":"Beeinträchtigt","ref":"61685a56-6cb2-4395-9d5e-1eade013a61c"}],"file_uploads":[],"question_id":"3fad2e66-3348-4734-b888-3ad46855ac89","share_id":"anli18z6r18b8dscdpnd4pb5nbi6syu283per6t0","share_url":"https://www.videoask.com/anli18z6r18b8dscdpnd4pb5nbi6syu283per6t0","transcode_status":"completed","transcription":"","type":"poll","poll_option_id":"0894bfa3-159c-41df-8a05-c5cf2a661a55","poll_option_content":"Keine CH-Staatsbürgerschaft"},{"answer_id":"1b870d10-7941-424c-a6fd-9e9a45cb77e1","organization_id":"6f58d21d-d307-49f9-9bdd-86cdde31feed","contact_email":"vinzenz.leutenegger@dezentrum.ch","contact_id":"ab5e0ab1-1108-44d6-b071-43686ffc107f","contact_name":"Vinzenz","created_at":"2021-09-23T09:17:06.981094Z","form_author_id":"6a6ef752-67d8-423f-aa69-04b3cce1e788","form_hide_branding":false,"form_id":"1416f03a-5be9-42a7-a83d-3e29730d2ecb","form_metadata":{"locale":"de-DE","font_value":"\"Helvetica Neue\", sans-serif","font_family":"Helvetica Neue (Mac)","primary_color":"#7D00FE","live_recording":true,"pause_autoplay":false,"secondary_color":"#36CF71","show_form_title":false,"background_color":"#ffffff","filter_profanities":false,"overlay_text_color":"#FFFFFF","expired_at_timezone":"Europe/Zurich","enhance_video_button":false,"show_player_controls":false,"square_button_radius":16,"transcription_locale":"en-US","show_overlay_close_button":true,"show_subtitles_by_default":false},"form_share_id":"fquwrns89","is_public":false,"media_type":"poll","poll_options":[{"id":"0894bfa3-159c-41df-8a05-c5cf2a661a55","content":"Keine CH-Staatsbürgerschaft","ref":"c7ef96cd-c518-4962-b8e8-7ef1fbe9d9a6"},{"id":"2c8c4fe2-a1cd-405d-a0d9-c61f006aeb35","content":"Minderjährig","ref":"afa4c46e-9d76-48c6-b1d2-0a25f5aa59f1"}],"file_uploads":[],"question_id":"3fad2e66-3348-4734-b888-3ad46855ac89","share_id":"a6oc2u893dfaxq5n9w22ql26jl6z17a1dg5ss360","share_url":"https://www.videoask.com/a6oc2u893dfaxq5n9w22ql26jl6z17a1dg5ss360","transcode_status":"completed","transcription":"","type":"poll","poll_option_id":"0894bfa3-159c-41df-8a05-c5cf2a661a55","poll_option_content":"Keine CH-Staatsbürgerschaft"},{"answer_id":"52b2a818-e245-41d1-8169-d0049da637bf","organization_id":"6f58d21d-d307-49f9-9bdd-86cdde31feed","contact_email":"vinzenz.leutenegger@dezentrum.ch","contact_id":"2cb1cd4b-4f33-4fee-a880-ff5f22c52ac2","contact_name":"Vinzenz","created_at":"2021-09-23T09:16:15.126479Z","form_author_id":"6a6ef752-67d8-423f-aa69-04b3cce1e788","form_hide_branding":false,"form_id":"1416f03a-5be9-42a7-a83d-3e29730d2ecb","form_metadata":{"locale":"de-DE","font_value":"\"Helvetica Neue\", sans-serif","font_family":"Helvetica Neue (Mac)","primary_color":"#7D00FE","live_recording":true,"pause_autoplay":false,"secondary_color":"#36CF71","show_form_title":false,"background_color":"#ffffff","filter_profanities":false,"overlay_text_color":"#FFFFFF","expired_at_timezone":"Europe/Zurich","enhance_video_button":false,"show_player_controls":false,"square_button_radius":16,"transcription_locale":"en-US","show_overlay_close_button":true,"show_subtitles_by_default":false},"form_share_id":"fquwrns89","is_public":false,"media_type":"poll","poll_options":[{"id":"0894bfa3-159c-41df-8a05-c5cf2a661a55","content":"Keine CH-Staatsbürgerschaft","ref":"c7ef96cd-c518-4962-b8e8-7ef1fbe9d9a6"},{"id":"503b0b58-75ae-40aa-aa81-e193f5af33d5","content":"Beeinträchtigt","ref":"61685a56-6cb2-4395-9d5e-1eade013a61c"}],"file_uploads":[],"question_id":"3fad2e66-3348-4734-b888-3ad46855ac89","share_id":"aaf43ppagak0dikw7hco0natzmzdts4s7fai00q5","share_url":"https://www.videoask.com/aaf43ppagak0dikw7hco0natzmzdts4s7fai00q5","transcode_status":"completed","transcription":"","type":"poll","poll_option_id":"0894bfa3-159c-41df-8a05-c5cf2a661a55","poll_option_content":"Keine CH-Staatsbürgerschaft"}]}