{"next":null,"previous":null,"results":[{"contact_id":"aca2ec8d-8e59-4363-bafb-3d733f3af510","organization_id":"6f58d21d-d307-49f9-9bdd-86cdde31feed","respondent_id":null,"name":null,"product_name":null,"email":null,"phone_number":null,"thumbnail":null,"status":"idle","created_at":"2022-01-27T11:55:57.586516Z","updated_at":"2022-01-27T11:55:57.587145Z","platform":"desktop","tags":[],"variables":null,"are_answers_public":false,"are_messages_public":false,"share_id":"cwf4veohwqj5jdi2d7yb79bp9ivxjusa26709d4n","share_url":"https://www.videoask.com/cwf4veohwqj5jdi2d7yb79bp9ivxjusa26709d4n","consent_given":null,"scoring":null}],"count":1}