{"next":null,"previous":null,"results":[{"answer_id":"882022af-801e-4d83-ac86-6f59a333e60b","organization_id":"6f58d21d-d307-49f9-9bdd-86cdde31feed","contact_id":"8d471f28-49f4-46b4-a6ee-75c427d7bd59","created_at":"2021-12-30T09:15:28.479727Z","form_author_id":"6a6ef752-67d8-423f-aa69-04b3cce1e788","form_hide_branding":false,"form_id":"e14c382f-4f03-4fd9-914d-7de41e7bff45","form_metadata":{"locale":"en-US","font_value":"Apercu Pro","font_family":"Apercu Pro","primary_color":"#7D00FE","goodbye_screen":{"title":"Vielen Dank","subtitle":"Diese Umfrage ist Teil der Projektes Forum for Inclusion. Um mehr darüber zu erfahren klicke hier:"},"live_recording":true,"pause_autoplay":false,"secondary_color":"#36CF71","show_form_title":false,"background_color":"#ffffff","filter_profanities":false,"overlay_text_color":"#FFFFFF","expired_at_timezone":"Europe/Zurich","enhance_video_button":false,"show_player_controls":true,"square_button_radius":16,"transcription_locale":"de-CH","show_overlay_close_button":true,"show_subtitles_by_default":false},"form_share_id":"flun8er4m","input_text":"x","is_public":false,"media_type":"text","poll_options":[],"file_uploads":[],"question_id":"b8b15c0e-a4cb-4fed-b197-10427ddcaaad","share_id":"ake434a4dfr26dhin7yjhzuap6yu1od05irx16nz","share_url":"https://www.videoask.com/ake434a4dfr26dhin7yjhzuap6yu1od05irx16nz","transcode_status":"completed","transcription":"x","type":"text"}]}