{"are_answers_public":false,"are_messages_public":false,"author_id":"6a6ef752-67d8-423f-aa69-04b3cce1e788","created_at":"2021-12-06T10:18:49.017350Z","form_id":"aaf7d33b-8ca3-4e33-905d-94a06999f3e2","hide_branding":false,"idle_deadline_time_in_minutes":60,"metadata":{"primary_color":"#7D00FE","secondary_color":"#36CF71","background_color":"#5CD6C8","font_family":"Apercu Pro","font_value":"Apercu Pro","locale":"de-DE","transcription_locale":"de-DE","filter_profanities":false,"show_form_title":false,"live_recording":true,"show_overlay_close_button":true,"show_player_controls":true,"show_subtitles_by_default":false,"pause_autoplay":false,"enhance_video_button":false,"overlay_text_color":"#FFFFFF","square_button_radius":16,"expired_at_timezone":"Europe/Zurich"},"notifications":{"send_contact_message_emails":true},"organization_id":"6f58d21d-d307-49f9-9bdd-86cdde31feed","questions":[{"allowed_answer_media_types":["audio"],"collect_contact_information":true,"created_at":"2021-12-06T10:19:26.122325Z","form_id":"aaf7d33b-8ca3-4e33-905d-94a06999f3e2","label":"1 Was ist deine Meinung zu...","logic_actions":[{"action":"jump","details":{"to":{"type":"goodbye","value":"default"}},"condition":{"op":"always","vars":[]}}],"media_id":"e7800a01-87d1-4468-85ee-20e0873d4458","media_time_limit":60,"media_type":"video","media_url":"https://player.vimeo.com/external/214504055.sd.mp4?s=e879e761715f2cd38af0baec842455562b85153f&profile_id=165&oauth2_token_id=57447761","metadata":{"text":"Was ist deine Meinung zu","darken_text_background":true,"fit_video":false,"overlay_text_size":5},"question_id":"3ef72ce3-e04f-4288-8692-f21eb704329a","share_id":"f00y1a7j9","share_url":"https://www.videoask.com/f00y1a7j9","thumbnail":"https://images.pexels.com/videos/856077/free-video-856077.jpg?auto=compress&cs=tinysrgb&fit=crop&h=630&w=1200","title":"Frage","transcode_status":"completed","transcribe_status":"completed","type":"standard","updated_at":"2021-12-06T10:20:44.068994Z"}],"requires_consent":true,"requires_contact_email":true,"requires_contact_info":true,"requires_contact_name":false,"requires_contact_phone_number":false,"requires_contact_product_name":false,"respondents_count":0,"responses_share_id":"rzs1a8mlyxczlojhzwyk8sgiyjm6cmt7oy9ucrcw","responses_share_url":"https://www.videoask.com/rzs1a8mlyxczlojhzwyk8sgiyjm6cmt7oy9ucrcw","share_id":"f00y1a7j9","share_url":"https://www.videoask.com/f00y1a7j9","show_consent":true,"show_contact_email":true,"show_contact_name":false,"show_contact_phone_number":false,"show_contact_product_name":false,"tag_share_id":"ze1y4wd2borl7sfmozapo35s9fk53nwq7w6kv2fj","tag_share_url":"https://www.videoask.com/ze1y4wd2borl7sfmozapo35s9fk53nwq7w6kv2fj","title":"Neue Abstimmung","updated_at":"2021-12-06T10:22:02.713828Z"}