{"next":"https://api.videoask.com/forms/1416f03a-5be9-42a7-a83d-3e29730d2ecb/contacts?limit=1&offset=1","previous":null,"results":[{"contact_id":"f381669e-9cb0-4ec3-85e4-13573827b4d9","organization_id":"6f58d21d-d307-49f9-9bdd-86cdde31feed","respondent_id":null,"name":null,"product_name":null,"email":null,"phone_number":null,"thumbnail":null,"status":"dropped_out","created_at":"2021-11-03T18:02:57.386467Z","updated_at":"2021-11-03T18:03:20.342853Z","platform":"desktop","tags":[],"variables":null,"are_answers_public":false,"are_messages_public":false,"share_id":"cf8d7sklzt55unbllgnh0b6wg43e2i6ljht8ctos","share_url":"https://www.videoask.com/cf8d7sklzt55unbllgnh0b6wg43e2i6ljht8ctos","consent_given":null,"scoring":null}],"count":6}