{"next":null,"previous":null,"results":[{"answer_id":"bb7d1769-96c2-428b-b27e-26a449a41d34","organization_id":"6f58d21d-d307-49f9-9bdd-86cdde31feed","contact_id":"8d471f28-49f4-46b4-a6ee-75c427d7bd59","created_at":"2021-12-30T09:14:57.459736Z","form_author_id":"6a6ef752-67d8-423f-aa69-04b3cce1e788","form_hide_branding":false,"form_id":"e14c382f-4f03-4fd9-914d-7de41e7bff45","form_metadata":{"locale":"en-US","font_value":"Apercu Pro","font_family":"Apercu Pro","primary_color":"#7D00FE","goodbye_screen":{"title":"Vielen Dank","subtitle":"Diese Umfrage ist Teil der Projektes Forum for Inclusion. Um mehr darüber zu erfahren klicke hier:"},"live_recording":true,"pause_autoplay":false,"secondary_color":"#36CF71","show_form_title":false,"background_color":"#ffffff","filter_profanities":false,"overlay_text_color":"#FFFFFF","expired_at_timezone":"Europe/Zurich","enhance_video_button":false,"show_player_controls":true,"square_button_radius":16,"transcription_locale":"de-CH","show_overlay_close_button":true,"show_subtitles_by_default":false},"form_share_id":"flun8er4m","input_text":"x","is_public":false,"media_type":"text","poll_options":[],"file_uploads":[],"question_id":"b4bed6f8-1574-4b1d-908e-b342dd0f2010","share_id":"aq4lzfmyud73i8cvsdzkgze7xmealv8q8c28q56m","share_url":"https://www.videoask.com/aq4lzfmyud73i8cvsdzkgze7xmealv8q8c28q56m","transcode_status":"completed","transcription":"x","type":"text"}]}