{"next":"https://api.videoask.com/forms/663a05c9-c8d1-41b1-a35b-d9d12a39a75a/contacts?limit=1&offset=1","previous":null,"results":[{"contact_id":"dd1b2fe4-ee83-44bb-8122-0defcfdf493d","organization_id":"6f58d21d-d307-49f9-9bdd-86cdde31feed","respondent_id":null,"name":null,"product_name":null,"email":null,"phone_number":null,"thumbnail":null,"status":"dropped_out","created_at":"2022-01-05T08:42:21.540549Z","updated_at":"2022-01-05T08:42:34.853127Z","platform":"desktop","tags":[],"variables":null,"are_answers_public":false,"are_messages_public":false,"share_id":"clc21m0572znrmw6poj8vq6e8p4nl40z85d0gejk","share_url":"https://www.videoask.com/clc21m0572znrmw6poj8vq6e8p4nl40z85d0gejk","consent_given":null,"scoring":{"@score":0}}],"count":2}