{"next":null,"previous":null,"results":[{"answer_id":"85d5ed4e-f1cd-41cb-82fb-99d512a40816","organization_id":"6f58d21d-d307-49f9-9bdd-86cdde31feed","contact_id":"51f402ce-23ae-4d34-9ff9-ccaa23d3d9cf","created_at":"2022-01-04T16:39:56.419668Z","form_author_id":"6a6ef752-67d8-423f-aa69-04b3cce1e788","form_hide_branding":false,"form_id":"663a05c9-c8d1-41b1-a35b-d9d12a39a75a","form_metadata":{"locale":"de-DE","font_value":"Apercu Pro","font_family":"Apercu Pro","primary_color":"#7D00FE","live_recording":true,"secondary_color":"#36CF71","show_form_title":false,"background_color":"#ffffff","show_player_controls":true,"square_button_radius":16,"show_overlay_close_button":true},"form_share_id":"f86f0zuns","is_public":false,"media_type":"poll","poll_options":[{"id":"9500e169-a56a-4a38-9cca-ea12e71c73eb","content":"Ja","ref":"5441c02f-48a9-4238-b9f1-d40670744e5d"}],"file_uploads":[],"question_id":"04fce527-dcdd-467e-98f3-79b3321e049a","share_id":"ahk6nmavzjrwuca8mzpfd6rfmswove1o9sgpl3rm","share_url":"https://www.videoask.com/ahk6nmavzjrwuca8mzpfd6rfmswove1o9sgpl3rm","transcode_status":"completed","transcription":"","type":"poll","poll_option_id":"9500e169-a56a-4a38-9cca-ea12e71c73eb","poll_option_content":"Ja"}]}