{"next":"https://api.videoask.com/forms/e14c382f-4f03-4fd9-914d-7de41e7bff45/contacts?limit=1&offset=1","previous":null,"results":[{"contact_id":"c3a4ac98-862a-441e-b506-b3f9a5bdca15","organization_id":"6f58d21d-d307-49f9-9bdd-86cdde31feed","respondent_id":null,"name":null,"product_name":null,"email":null,"phone_number":null,"thumbnail":null,"status":"dropped_out","created_at":"2022-01-03T14:41:34.192286Z","updated_at":"2022-01-03T15:04:07.608494Z","platform":"desktop","tags":[],"variables":null,"are_answers_public":false,"are_messages_public":false,"share_id":"c802abz97kdmskisvplx1up2pilcbaem1sds6zyy","share_url":"https://www.videoask.com/c802abz97kdmskisvplx1up2pilcbaem1sds6zyy","consent_given":null,"scoring":{"@score":0}}],"count":4}