{"next":null,"previous":null,"results":[{"answer_id":"b894461d-f895-41eb-9bdc-d22187c88577","organization_id":"6f58d21d-d307-49f9-9bdd-86cdde31feed","contact_email":"vinzenz.leutenegger@dezentrum.ch","contact_id":"b68f0f9d-b403-4aac-8241-058d84da02d3","contact_name":"Vinzenz","created_at":"2021-09-23T09:19:15.065510Z","form_author_id":"6a6ef752-67d8-423f-aa69-04b3cce1e788","form_hide_branding":false,"form_id":"71ddf739-b426-4464-8e9b-9b2bf29b18b7","form_metadata":{"locale":"en-US","primary_color":"#7D00FE","live_recording":true,"secondary_color":"#36CF71","show_form_title":false,"background_color":"#ffffff","show_player_controls":true,"square_button_radius":16,"show_overlay_close_button":true},"form_share_id":"f66vcu1u8","is_public":false,"media_type":"poll","poll_options":[{"id":"ae62bb55-5147-4a00-ba7a-5a1d515fb8d0","content":"Beeinträchtigt","ref":"6f6f3d6e-90a6-4b0b-96e3-bec062abb200"}],"file_uploads":[],"question_id":"7338ec13-fb14-45c0-9cb5-937a92da8f7e","share_id":"avjjmefk6drpkoqdcrz4xz2mdtqcqx5petzumasd","share_url":"https://www.videoask.com/avjjmefk6drpkoqdcrz4xz2mdtqcqx5petzumasd","transcode_status":"completed","transcription":"","type":"poll","poll_option_id":"ae62bb55-5147-4a00-ba7a-5a1d515fb8d0","poll_option_content":"Beeinträchtigt"},{"answer_id":"019482d2-e7d6-4f92-825a-3bff7bf792d6","organization_id":"6f58d21d-d307-49f9-9bdd-86cdde31feed","contact_email":"vinzenz.leutenegger@dezentrum.ch","contact_id":"26f232d4-cd06-4997-bcd5-488369c5d79d","contact_name":"Vinzenz","created_at":"2021-09-23T09:18:46.757054Z","form_author_id":"6a6ef752-67d8-423f-aa69-04b3cce1e788","form_hide_branding":false,"form_id":"71ddf739-b426-4464-8e9b-9b2bf29b18b7","form_metadata":{"locale":"en-US","primary_color":"#7D00FE","live_recording":true,"secondary_color":"#36CF71","show_form_title":false,"background_color":"#ffffff","show_player_controls":true,"square_button_radius":16,"show_overlay_close_button":true},"form_share_id":"f66vcu1u8","is_public":false,"media_type":"poll","poll_options":[{"id":"6b731652-451c-4a40-b55c-1eb8badd70c4","content":"Minderjährig","ref":"81d78e5d-71fb-45f0-a4fd-19063d6a9b4d"}],"file_uploads":[],"question_id":"7338ec13-fb14-45c0-9cb5-937a92da8f7e","share_id":"ayzxhfianubsqa1kyyxbgmnr2zymeho5s9ej1vwv","share_url":"https://www.videoask.com/ayzxhfianubsqa1kyyxbgmnr2zymeho5s9ej1vwv","transcode_status":"completed","transcription":"","type":"poll","poll_option_id":"6b731652-451c-4a40-b55c-1eb8badd70c4","poll_option_content":"Minderjährig"},{"answer_id":"0b35bfbb-a334-4e8c-8aff-927919e28aa3","organization_id":"6f58d21d-d307-49f9-9bdd-86cdde31feed","contact_email":"vinzenz.leutenegger@dezentrum.ch","contact_id":"a452b098-619f-4fda-9958-d5bd0fd24c45","contact_name":"Vinzenz","created_at":"2021-09-23T09:18:15.641061Z","form_author_id":"6a6ef752-67d8-423f-aa69-04b3cce1e788","form_hide_branding":false,"form_id":"71ddf739-b426-4464-8e9b-9b2bf29b18b7","form_metadata":{"locale":"en-US","primary_color":"#7D00FE","live_recording":true,"secondary_color":"#36CF71","show_form_title":false,"background_color":"#ffffff","show_player_controls":true,"square_button_radius":16,"show_overlay_close_button":true},"form_share_id":"f66vcu1u8","is_public":false,"media_type":"poll","poll_options":[{"id":"e77b91c8-856a-4f35-b333-bbf620add0d0","content":"Keine CH-Staatsbürgerschaft","ref":"033e119b-6c5a-49bb-8f16-d7bfcbef0558"},{"id":"6b731652-451c-4a40-b55c-1eb8badd70c4","content":"Minderjährig","ref":"81d78e5d-71fb-45f0-a4fd-19063d6a9b4d"}],"file_uploads":[],"question_id":"7338ec13-fb14-45c0-9cb5-937a92da8f7e","share_id":"aevvd71sd93qpqm8vud5xexwod3fz9nqo2i9q23y","share_url":"https://www.videoask.com/aevvd71sd93qpqm8vud5xexwod3fz9nqo2i9q23y","transcode_status":"completed","transcription":"","type":"poll","poll_option_id":"e77b91c8-856a-4f35-b333-bbf620add0d0","poll_option_content":"Keine CH-Staatsbürgerschaft"}]}