{"next":"https://api.videoask.com/forms/ca790122-46d7-4ee2-98f8-6e8e31f71e7b/contacts?limit=1&offset=1","previous":null,"results":[{"contact_id":"3dc46eb6-b6ef-452d-a320-f414e49f6d9d","organization_id":"6f58d21d-d307-49f9-9bdd-86cdde31feed","respondent_id":null,"name":null,"product_name":null,"email":null,"phone_number":null,"thumbnail":null,"status":"idle","created_at":"2022-01-31T10:07:25.292858Z","updated_at":"2022-01-31T10:07:25.293529Z","platform":"desktop","tags":[],"variables":null,"are_answers_public":false,"are_messages_public":false,"share_id":"cjyz7gwwi8j8owfzv7ts8pfcf8y4knj9fbt08lha","share_url":"https://www.videoask.com/cjyz7gwwi8j8owfzv7ts8pfcf8y4knj9fbt08lha","consent_given":null,"scoring":{"@score":0}}],"count":6}